,Product_Name,Product_Price
0,"Techni Mobili 47""W Computer Desk, Espresso (RTA-8211-ES18)",$184.99
1,"Union & Scale™ MidMod 60"" Storage Desk, Espresso (UN56950)",$229.99
2,"Essentials by OFM 2-Drawer Office Desk, Driftwood (ESS-1002-DWD)",$130.99
3,"Whalen Emergent Gaming 60"" Laminate Computer Desk, Black (SPUS-EGDB)",$242.99
4,OSP Designs Metal & Glass Computer Desk,$125.99
5,"Linea Italia 24"" X 60"" Rectangular Office Desk, Ash/Gray (ZUD218)",$219.99
6,"Winsome Solid Wood Folding Computer Desk, Natural",$141.99
7,"Linea Italia 24"" X 48"" Rectangular Office Desk, Cherry/Gray (ZUC103)",$180.99
8,"Bush Furniture Buena Vista One Computer Desk with Drawers, Madison Cherry (MY13823-03)",$262.99
9,Easy2Go Student Computer Desk,$83.99
10,OSP Designs Tremont Desk,$319.99
11,"Offices to go Superior 66"" Desk Shell, Artisan Gray (TDSL6630DSAGL)",$230.99
12,"Easy 2 Go 27"" Computer Desk, Silver (951534-CC)",$72.99
13,"Essentials by OFM Single Pedestal Solid Panel Office Desk with Drawer and Cabinet, White (ESS-1015-WHT)",$164.99
14,"Bush Business Furniture Studio C 59"" Computer Desk, Sand Oak (SCD260SO)",$249.99
15,"Calico Designs 47.25"" x 74"" Wood Arch Tower, Cherry/Black",$120.99
16,"Bush Furniture Salinas Computer Desk with Hutch, Cape Cod Gray (MY72308-03)",$326.99
17,"Office by kathy ireland® Method 60W Table Desk, Cocoa (KI70101K)",$265.99
18,"Bush Furniture Broadview Computer Desk with 2 Drawer Pedestal and Organizer, Pure White (BD005WH)",$486.99
19,"Linea Italia 24"" X 48"" Rectangular Office Desk, Ash/Gray (ZUD103)",$180.99
20,"HON Coze 48""W Desk, Designer White and Silver (HONRPL2448DWP6)",$199.99
21,"Bush Furniture Somerset 72W Office Desk with Drawers, Ash Gray (WC81672)",$367.99
22,"Bush Furniture Cabot 60"" L-Shaped Computer Desk with Hutch, White (CAB001WHN)",$666.99
23,"HON Coze 42""W Desk, Florence Walnut and Silver (HONRPL2442FWP6)",$189.99
24,"Offices to go Superior 71"" Credenza Desk Shell, Artisan Gray (TDSL7136DSAGL)",$246.99
25,"Linea Italia 24"" X 36"" Rectangular Office Desk, Cherry/Gray (ZUC139)",$185.29
26,"Bush Furniture Salinas 47"" Computer Desk with Hutch, Ash Brown (MY72608-03)",$419.99
27,"Office by kathy ireland® Method 60W Table Desk, White (KI70201K)",$265.99
28,"Calico Designs 47.25"" x 74"" Wood Arch Tower, Pewter/Teak",$140.99
29,"Bush Business Furniture Cubix 48W Desk, Natural Cherry (WC57448)",$262.99
30,"Bush Furniture Refinery 50W Industrial Desk, Rustic Gray (RFD150RG-03)",$229.99
31,"HON Coze 48""W Desk, Florence Walnut and Silver (HONRPL2448FWP6)",$199.99
32,"Bush Business Furniture Cubix 60W Desk, Natural Cherry (WC57460)",$295.99
33,"Bush Furniture Mayfield 54"" Computer Desk with Shelves, Pure White/Shiplap Gray (MAD154GW2-03)",$466.99
34,"Bush Business Furniture Studio C 60""W x 24""D Credenza Desk, White (SCD360WH)",$264.99
35,"Bush Furniture Broadview 60"" Computer Desk Bundle, Pure White (BD033WH)",$869.99
36,"Bush Business Furniture Office 500 71"" Computer Desk, Sand Oak (OFD272SO-Z)",$246.99
37,"HON Coze 42""W Desk, Natural Recon and Silver (HONRPL2442N1P6)",$189.99
38,"Offices to go Superior 48"" Desk Shell, Artisan Gray (TDSL4824DSAGL)",$198.99
39,"Bush Furniture Somerset 72W Office Desk with Drawers, Hansen Cherry (WC81772)",$367.99
40,Contender™ 18.25''-21.25''H x 48''W x 30''D Mobile Computer Desk (C41048),$465.99
41,"HON Coze 48""W Desk, Natural Recon and Silver (HONRPL2448N1P6)",$199.99
42,"HON Coze 48""W Desk w/U-Storage, Designer White and Silver (HONRPL2448DWP6S)",$259.99
43,"Offices to go Superior 71"" Credenza Desk Shell, Artisan Gray (TDSL7136CELAGL)",$285.99
44,"Bush Furniture Somerset 60W Office Desk, Ash Gray (WC81628K)",$510.99
45,Contender™ 18.25''-21.25''H x 48''W x 30''D Mobile Computer Desk (C41048F),$354.99
46,"Bush Furniture Cabot 60"" Corner Desk with Hutch, White (CAB008WHN)",$519.99
47,"Offices to go Superior 66"" Computer Desk, Artisan Gray (TDOTG1-AGL)",$921.99
48,"Offices to go Superior 66"" Credenza Desk Shell, Artisan Gray (TDSL6624CSAGL)",$214.99
49,"Bush Furniture Somerset 60W Office Desk with Lateral File Cabinet and 5 Shelf Bookcase, Maple Cross (SET013MC)","$1,075.99"
50,"Offices to go Superior 42"" Return Shell, Artisan Gray (TDSL4224RAGL)",$153.99
51,"Bush Furniture Salinas 47"" Computer Desk with Hutch, Lateral File Cabinet and 5-Shelf Bookcase, Driftwood Gray (SAL002DG)",$929.99
52,"Bush Furniture Studio C 59"" Computer Desk, Hansen Cherry (SCD260HC)",$369.99
53,"kathy ireland® Home by Bush Furniture Madison Avenue 59"" Computer Desk, Pure White (MDD260PW-03)",$569.99
54,"kathy ireland® Home by Bush Furniture Volcano Dusk 51W Desk with 2 Drawer Pedestal, Coastal Cherry,  (ALA004CC)",$379.99
55,"Bush Business Furniture Jamestown 60""W Computer Desk with 4 Drawers, Storm Gray/White (JTN017SGWHSU)",$675.99
56,"Bush Business Furniture 400 Series 48""W x 24""D Table Desk with 3 Drawer Mobile File Cabinet, White (400S215WH)",$569.99
57,"Bush Furniture Somerset 72W Office Desk with Drawers, Maple Cross (WC81472)",$367.99
58,"Ameriwood Home Castling 54""W Desk, Espresso (9891096COM)",$289.99
59,"Offices to go Superior 48"" Return Shell Desk, Artisan Gray (TDSL4824RAGL)",$152.99
60,"Bush Furniture Somerset 72W Office Desk with Hutch, Ash Gray (SET018AG)",$714.99
61,"Bush Furniture Saratoga 66"" L-Shaped Computer Desk with Drawers, Linen White Oak (EX45770-03K)","$1,049.99"
62,"Bush Business Furniture Studio C 60""W x 36""D Bow Front Desk, White (SCD160WH)",$317.99
63,"Bush Furniture Somerset 60W Office Desk with Lateral File Cabinet and 5 Shelf Bookcase, Hansen Cherry (SET013HC)","$1,049.99"
64,"Wood Designs Adjustable Computer Table, Natural (WD41500)",$424.99
65,"Bush Furniture Refinery 50W Industrial Desk with 3 Drawer Mobile File Cabinet, Rustic Gray (RFY006RG)",$492.99
66,"Ameriwood Reznor 48"" Computer Desk, Black Oak (5952335COM)",$383.99
67,"Bush Furniture Salinas 47"" Computer Desk with Hutch, Lateral File Cabinet and 5-Shelf Bookcase, Ash Brown (SAL002ABR)",$929.99
68,"Bush Furniture Yorktown 50"" Computer Desk with Chair, Reclaimed Pine (YRK014RCP)",$749.99
69,"Offices to go Superior 71"" Full End Panel Desk, Artisan Gray (TDSL7136DI-AGL)",$253.99
70,"HON Coze 54""W Desk w/U-Storage, Designer White and Silver (HONRPL2454DWP6S)",$269.99
71,"HON Coze 54""W Desk, Natural Recon and Silver (HONRPL2454N1P6)",$249.99
72,"Bush Furniture Studio C 71"" Computer Desk, Hansen Cherry (SCD372HC)",$389.99
73,"Bush Business Furniture Jamestown 60""W Computer Desk with 4 Drawers and Hutch, Storm Gray/White (JTN018SGWHSU)",$900.99
74,"Bush Furniture Somerset 72W Office Desk with Hutch, Maple Cross (SET018MC)",$624.99
75,"Bush Business Furniture Jamestown 60"" Computer Desk, Storm Gray/White (JTN015SGWHSU)",$624.99
76,"Office by kathy ireland® Echo Bookcase Desk with Storage, Gray Sand (ECH020GS)",$597.99
77,"HON Coze 42""W Desk w/U-Storage, Natural Recon and Silver (HONRPL2442N1P6S)",$249.99
78,"Bush Business Furniture Studio C 60""W x 30""D Office Desk with Mobile File Cabinet, White (STC014WHSU)",$571.99
79,"Office by kathy ireland® Method 60"" Computer Desk, Natural Maple (KI70301K)",$413.99
80,"Bush Furniture Broadview 60W Desk with Storage Shelves and 2 Drawer File Cabinet, Pure White (BD011WH)",$729.99
81,"Offices to go Superior 36"" Flush Bridge Desk, Artisan Gray (TDSL3624FBAGL)",$107.99
82,"LifeFlo Ergonomics CPU Holder for Computer Desk, 14.5” - 22.5” Height Adjustable, Black (ECI-475)",$144.99
83,"Bush Business Furniture Office 500 71"" Computer Desk with Drawers, Lateral File Cabinets, and Hutch, Sand Oak","$2,019.99"
84,"Offices to go Superior 42"" Reception Return, Artisan Gray (TDSL4224RRAGL)",$200.99
85,"Bush Business Furniture Studio C 71"" Computer Desk, Harvest Cherry (SCD172CS)",$569.99
86,"Office by kathy ireland® Method 60W Table Desk with File Cabinets, Cocoa (MTH025COSU)","$1,105.99"
87,"Bush Furniture Somerset 72W Office Desk with Hutch, Hansen Cherry (SET018HC)",$609.99
88,"Bush Furniture Yorktown 50"" Computer Desk with 5-Shelf Bookcase, Reclaimed Pine (YRK010RCP)",$699.99
89,"Bush Business Furniture Studio C 72""W x 36""D Bow Front Desk, Storm Gray (SCD172SG)",$421.99
90,"Bush Furniture Key West 54"" Computer Desk Bundle, Pure White Oak (KWS006WT)",$819.99
91,"Offices to go Superior 36"" Return Desk Shell, Artisan Gray (TDSL3624RAGL)",$126.99
92,"Bush Business Furniture Jamestown 71""W Computer Desk, Storm Gray/White (JTN007SGWHSU)","$1,381.99"
93,"Bush Business Furniture Jamestown 71"" Computer Desk, Storm Gray/White (JTN003SGWHSU)",$629.99
94,"Bush Furniture Saratoga 66"" L-Shaped Desk with Drawers and Desktop Organizers, Linen White Oak (SAR010LW)","$1,249.99"
95,"Bush Furniture Broadview Computer Desk with Shelves, Organizer, File Cabinet and Console Table, Pure White (BD014WH)",$938.99
96,"Bush Furniture Key West 54W Computer Desk with Storage, Bing Cherry (KWD154BC-03)",$379.99
97,"kathy ireland Home by Bush Furniture Madison Avenue 59"" Computer Desk with Hutch, Modern Gray (MDS004MG)",$849.99
98,"Bush Furniture Somerset 72W Office Desk with Hutch and 5 Shelf Bookcase, Hansen Cherry (SET020HC)",$860.99
99,"Bush Business Furniture Jamestown 60"" Computer Desk with Four Drawers and Hutch, Fresh Walnut/White (JTN018FWWHSU)","$1,399.99"
100,"Office by kathy ireland® Method 60W Table Desk with File Cabinets, White (MTH025WHSU)","$1,105.99"
101,"Bush Furniture Somerset 72W Office Desk with Hutch and Lateral File Cabinet, Hansen Cherry (SET019HC)",$909.99
102,"Office by kathy ireland® Method 60"" Computer Desk with File Cabinets, Natural Maple (MTH025ACSU)","$1,859.99"
103,"Bush Business Furniture Studio C 71"" Computer Desk, Natural Maple (SCD172AC)",$569.99
104,"Bush Business Furniture Studio C 72""W x 36""D U Shaped Desk with Mobile File Cabinet, Storm Gray (STC004SGSU)","$1,226.99"
105,"Office by kathy ireland® Method 60"" Computer Desk with 3-Drawer File Cabinet, Natural Maple (MTH001ACSU)","$1,064.99"
106,"Ameriwood Home Paxton39""W  Campaign Desk, Graphite Gray (9258496COM)",$240.99
107,"Bush Furniture Architect 51"" Small Computer Desk with Hutch and Lateral File Cabinet, Modern Walnut (ACT003MW)",$599.99
108,"Bush Furniture Key West 54"" Computer Desk Bundle, Pure White Oak (KWS010WT)",$799.99
109,"Bush Furniture Latitude 60W Writing Desk with File Cabinets and Bookcase, Rustic Brown Embossed (LAT005RB)",$983.99
110,"Bush Business Furniture Studio C 60W Height Adjustable Desk, Credenza and File Cabinet, Harvest Cherry (STC017CSSU)","$2,089.99"
111,"Bush Business Furniture Studio C 71"" Computer Desk, Natural Maple (STC013ACSU)",$989.99
112,"Bush Furniture Somerset 72W Office Desk with Hutch and 5 Shelf Bookcase, Maple Cross (SET020MC)",$839.99
113,"Bush Business Furniture Studio C 71"" Computer Desk, Natural Maple (SCD272AC)",$507.99
114,"Ameriwood Serenity 42"" Computer Desk, Graphite Gray (9855408COM)",$307.99
115,"Office by kathy ireland® Method 71"" Computer Desk with File Cabinets and Hutch, Natural Maple (MTH026ACSU)","$2,149.99"
116,"kathy ireland Home by Bush Furniture Madison Avenue 59"" Computer Desk with Hutch, File Cabinet and Bookcase, Modern Gray","$1,549.99"
117,"Bush Business Furniture Jamestown 60"" Computer Desk, Storm Gray/White (JTN019SGWHSU)","$1,381.99"
118,"Bush Furniture Key West 54W Computer Desk with Storage and 2 Drawer Lateral File Cabinet, Bing Cherry (KWS008BC)",$604.99
119,"Bush Furniture Somerset 71"" Office Desk with Drawers, Fresh Walnut (WC81372)",$429.99
120,"Office by kathy ireland® Method 72W Table Desk with File Cabinets and Hutch, White (MTH026WHSU)","$1,255.99"
121,"Bush Business Furniture Jamestown 60"" Computer Desk with Two Drawers and Hutch, Fresh Walnut/White (JTN014FWWHSU)","$1,079.99"
122,"kathy ireland Home by Bush Furniture Madison Avenue 59"" Computer Desk with Hutch, Pure White (MDS004PW)",$849.99
123,"Bush Business Furniture Jamestown 60"" Computer Desk Bundle, Storm Gray/White (JTN020SGWHSU)","$1,499.99"
124,"kathy ireland Home by Bush Furniture Madison Avenue 59"" Computer Desk with Hutch, File Cabinet and Bookcase, Pure White","$1,549.99"
125,"Bush Furniture Yorktown 50"" Computer Desk with File Cabinet and 5-Shelf Bookcase, Reclaimed Pine (YRK011RCP)","$1,079.99"
126,"kathy ireland® Home by Bush Furniture Madison Avenue 59"" Computer Desk with Lateral File Cabinet, Modern Gray (MDS006MG)",$879.99
127,"Bush Business Furniture Jamestown 71"" Computer Desk with Four Drawers and Hutch, Fresh Walnut/White (JTN006FWWHSU)","$1,479.99"
128,"kathy ireland Home by Bush Furniture Madison Avenue 59"" Computer Desk with Lateral File Cabinet and Bookcase, Pure White","$1,289.99"
129,"Bush Furniture Yorktown 50"" Computer Desk with 5-Shelf Bookcase, Linen White Oak (YRK010LW)",$699.99
130,"Bush Furniture Broadview 54"" Computer Desk with Shelves and Desktop Organizer, Modern Gray (BD001MG)",$649.99
131,"kathy ireland® Home by Bush Furniture Volcano Dusk 51W Desk with 2 Drawer Pedestal, Driftwood Dreams (ALA004DD)",$411.99
132,"kathy ireland Home by Bush Furniture Madison Avenue 59"" Computer Desk with Hutch and Lateral File Cabinet, Modern Gray","$1,129.99"
133,"Bush Business Furniture Jamestown 71"" Computer Desk Bundle, Fresh Walnut/White (JTN001FWWHSU)",$759.99
134,"Office by kathy ireland® Method 71"" Computer Desk with File Cabinets and Bookcase, Storm Gray (MTH028SGSU)","$2,489.99"
135,"kathy ireland® Home by Bush Furniture Madison Avenue 59"" Computer Desk with Lateral File Cabinet, Pure White (MDS006PW)",$879.99
136,"Bush Furniture Studio C 71"" Computer Desk, Hansen Cherry (SCD272HC)",$409.99
137,"Bush Business Furniture Jamestown 60"" Computer Desk w Storage, File Cabinet & 5-Shelf Bookcase, Fresh Walnut/White(JTN019FWWHSU)","$2,119.99"
138,"Bush Furniture Key West 54"" Computer Desk with Storage and Desktop Organizers, Cape Cod Gray (KWS010CG)",$749.99
139,"HON Mod 48"" Computer Desk, Traditional Mahogany (HLPLRS4824LTM1)",$139.99
140,"Bush Business Furniture Jamestown 71""W Computer Desk, Storm Gray/White (JTN006SGWHSU)",$929.99
141,"Bush Business Furniture Studio C 72""W x 36""D Bow Front Desk with Mobile File Cabinets, Storm Gray (STC012SGSU)",$892.99
142,"Bush Business Furniture Jamestown 71""W Computer Desk Bundle, Storm Gray/White (JTN002SGWHSU)",$729.99
143,"Bush Business Furniture Jamestown 60"" Computer Desk Bundle, Fresh Walnut/White (JTN013FWWHSU)",$729.99
144,"kathy ireland® Home by Bush Furniture Volcano Dusk 51W Desk, Driftwood Dreams (ALA002DD)",$355.99
145,"Bush Furniture Key West 54"" Computer Desk with 2-Drawer Mobile File Cabinet and 5-Shelf Bookcase, Pure White Oak (KWS007WT)","$1,249.99"
146,"Bush Furniture Yorktown 50"" Computer Desk with File Cabinet and 5-Shelf Bookcase, Linen White Oak (YRK011LW)","$1,079.99"
147,"Bush Business Furniture Jamestown 60"" Computer Desk with Drawers and Storage Cabinet, Fresh Walnut/White (JTN015FWWHSU)",$969.99
148,"Bush Business Furniture Jamestown 71"" Computer Desk Bundle, Storm Gray/White (JTN004SGWHSU)",$900.99
149,"Bush Furniture Latitude 60W Writing Desk with Printer Stand and Etagere Bookcase, Rustic Brown Embossed (LAT004RB)",$850.99
150,"Office by kathy ireland® Echo L Shaped Desk with Hutch and Mobile File Cabinet, Pure White/Pure White (ECH009PWSU)",$832.99
151,"Office by kathy ireland® Method 72W Table Desk with File Cabinets and Bookcase, White (MTH028WHSU)","$1,355.99"
152,"Bush Business Furniture Jamestown 60""W Computer Desk with Drawers, Storage Cabinet and Hutch, Fresh Walnut/White (JTN016FWWHSU)","$1,319.99"
153,"Bush Business Furniture Jamestown 71"" Computer Desk with Two Drawers and Hutch, Fresh Walnut/White (JTN002FWWHSU)","$1,149.99"
154,"Bush Business Furniture Jamestown 71"" Computer Desk Bundle, Fresh Walnut/White (JTN005FWWHSU)","$1,079.99"
155,"Bush Furniture Refinery 50W Industrial Desk with A Frame Bookshelf and File Cabinets, Rustic Gray (RFY002RG)","$1,043.99"
156,"Bush Furniture Somerset 72W Office Desk with Hutch and Lateral File Cabinet, Maple Cross (SET019MC)","$1,049.99"
157,"Bush Furniture Studio C 71"" Computer Desk with Mobile File Cabinet, Hansen Cherry, Installed (STC013HCSUFA)","$1,049.99"
158,"Bush Furniture Key West 54"" Computer Desk with Storage and Mid-Back Tufted Office Chair, Reclaimed Pine (KWS020RCP)",$879.99
159,"kathy ireland® Home by Bush Furniture Madison Avenue 59"" Computer Desk with Lateral File Cabinet, Modern Walnut (MDS006MW)",$879.99
160,"Bush Business Furniture Jamestown 71"" Computer Desk with Drawers, Storage Cabinet and Hutch, Fresh Walnut/White (JTN004FWWHSU)","$1,399.99"
161,"Bush Business Furniture Jamestown 71"" Computer Desk with Drawers and Storage Cabinet, Fresh Walnut/White (JTN003FWWHSU)","$1,009.99"
162,"Bush Furniture Broadview 54"" Computer Desk with Shelves, Desktop Organizer and Lateral File Cabinet, Modern Gray (BD022MG)",$949.99
163,"Emerge Vizon 47"" Gaming Desk, Black (59260)",$229.99
164,"LevelUp Decatur 48""W Gaming Desk, Black (STCA48GD)",$160.99
165,"Bush Furniture Studio C 60"" Computer Desk with Mobile File Cabinet, Hansen Cherry, Installed (STC005HCSUFA)","$1,399.99"
166,"Bush Furniture Key West 54""W Computer Desk with Lateral File Cabinet and Bookcase, Cape Cod Gray (KWS009CG)","$1,199.99"
167,"Bush Furniture Key West 54"" Computer Desk with 2-Drawer Lateral File Cabinet and 5-Shelf Bookcase, Shiplap Gray/Pure White","$1,149.99"
168,"Bush Furniture Studio C 60"" Computer Desk with Mobile File Cabinet, Hansen Cherry, Installed (STC014HCSUFA)",$999.99
169,"Bush Furniture Key West 54"" Computer Desk with Storage and 2-Drawer Lateral File Cabinet, Shiplap Gray/Pure White (KWS008G2W)",$899.99
170,"Easy2Go Student 40"" Casual Desk, Dark Wood (WE-OF-0146-CC)",$66.99
171,"Bush Furniture Broadview Computer Desk with Shelves, Pure White (BDD154WH-03)",$261.99
172,"Studio Designs Calico Designs Ashwood 55.25""W Convertible Desk (51240)",$99.99
173,"kathy ireland® Home by Bush Furniture Bennington Credenza Desk, Harvest Cherry (WC65510-03K)",$503.99
174,"Ameriwood Bassinger 48"" Computer Desk, Ivory Oak (9833341COM)",$283.99
175,"Flash Furniture 59"" Glass Glass Computer Desks Frosted Top/White Finish (NANWK021)",$269.99
176,Whalen Sorano Computer Desk,$207.99
177,Flash Furniture Black Computer Desk with Pull-Out Keyboard Tray,$128.99
178,Staples Chestnut Laminate Computer Desk,$40.49
179,"Flash Furniture 47"" Glass Glass Computer Desks Black (NANWK021A)",$212.99
180,"Studio Designs Challenger 53"" Metal Computer Desk, Silver/Black (51256)",$229.99
181,"Gascony Computer Desk with Keyboard Tray, Rustic Oak",$249.99
182,"Studio Designs Zone 52"" Metal Computer Desk, Silver/Black (51255)",$229.99
183,Flash Furniture NANYLCD1233 Contemporary Desk with Clear Tempered Glass and Black Frame,$66.99
184,"Staples 31.5""W Glass Computer Desk, Black (44851)",$419.99
185,"Bush Furniture Salinas 47"" Computer Desk with Hutch, Shiplap Gray/Pure White (MY72808-03)",$419.99
186,"Bush Furniture Salinas 47"" Computer Desk with Hutch, Driftwood Gray (MY72508-03)",$152.99
187,"Ameriwood Home Parsons 39""W Desk with Drawer, Chevron (9178996PCOM)",$269.99
188,"Flash Furniture Glass Computer Desk with 3-Drawer Pedestal, Mahogany (NANWK021MAH)",$229.99
189,"OSP Designs Horizon Glass Top Computer Desk, Black Frame",$207.99
190,"Bush Furniture Somerset 72W Office Desk with Drawers, Mocha Cherry (WC81872)",$317.99
191,"Whalen Baylor Computer Desk, Maple",$95.71
192,"Bush Furniture Salinas Mission Desk with Hutch, Lateral File Cabinet and 5 Shelf Bookcase, Antique White (SAL002AW)",$767.99
193,"South Shore Metro Computer Desk, Royal Cherry",$180.99
194,"Office by kathy ireland® Echo Credenza Desk with Hutch and Mobile File Cabinet, Pure White/Pure White (ECH006PW)",$700.99
195,"Bush Business Furniture Studio C 72""W x 24""D Credenza Desk, White (SCD372WH)",$285.99
196,"Office by kathy ireland® Echo Credenza Desk with Mobile File Cabinet, Pure White/Pure White (ECH003PW)",$457.99
197,"Flash Furniture NANJG06BWH Steel Mobile Computer Desk, White",$79.99
198,"Bush Business Furniture Studio C 60""W x 30""D Office Desk with Mobile File Cabinet, Storm Gray (STC014SGSU)",$571.99
199,"Office by kathy ireland® Echo Bow Front Desk and Credenza with Mobile File Cabinet, Pure White/Pure White (ECH010PW)",$663.99
200,"Bush Furniture Salinas 47"" Computer Desk with Hutch, Lateral File Cabinet and 5-Shelf Bookcase, Reclaimed Pine (SAL002RCP)",$929.99
201,"Bush Furniture Mayfield 54"" Computer Desk with Drawers and Desktop Organizer, Pure White/Shiplap Gray (MAY003GW2)",$809.99
202,"South Shore Furniture Axess Small Desk, Chocolate (7259070)",$219.99
203,"Bush Business Furniture Studio C 60"" Computer Desk, Platinum Gray (SCD260PG)",$466.99
204,"Bush Business Furniture Studio C 60""W x 36""D Bow Front Desk, Storm Gray (SCD160SG)",$317.99
205,"Bush Business Furniture Studio C 42""W Desk Return, White (SCR142WH)",$170.99
206,"Bush Furniture Stanford Computer Desk with Hutch and Drawers, 48""W Antique White/Tea Maple (STF002AW)",$621.99
207,"Bush Business Furniture Studio C 60"" Computer Desk, Platinum Gray (SCD360PG)",$436.99
208,"Bush Furniture Stanford Computer Desk with Hutch and 2 Drawer Lateral File Cabinet, 48""W Antique Black/Hansen Cherry (STF006AB)",$916.99
209,"Bush Furniture Stanford Computer Desk with Hutch and 2 Drawer Lateral File Cabinet, 48""W Antique White/Tea Maple (STF006AW)",$945.99
210,"Flash Furniture 29"" Laminate Laptop Desks Cherry (NANJN2762)",$53.99
211,OSP Design Aurora Computer Desk,$229.99
212,"Ameriwood Home Coleton Standing Desk, Espresso (9872096COM)",$283.99
213,"Bush Business Furniture Studio C 72""W x 30""D Office Desk with Hutch and Mobile File Cabinet, Storm Gray (STC011SGSU)","$1,005.99"
214,"Bush Business Furniture Jamestown 60"" Computer Desk with Four Drawers, Storm Gray (JTN017SGSU)","$1,049.99"
215,"Bush Furniture Mayfield 54"" Computer Desk with Desktop Organizer and 6-Cube Bookcase, Pure White/Shiplap Gray (MAY002GW2)","$1,089.99"
216,"Niche Soho Desk Shell, Urban Walnut (NSDS4318UW)",$99.99
217,"Flash Furniture 47"" Glass Glass Computer Desks Clear/Black (NANWK055)",$124.99
218,"Bush Business Furniture Jamestown 60"" Computer Desk Bundle, Storm Gray (JTN013SGSU)",$740.99
219,"Bush Furniture Salinas 47"" Computer Desk with Hutch, Lateral File Cabinet and 5-Shelf Bookcase, Gray/Pure White (SAL002G2W)",$929.99
220,Whalen Kendal Desk,$168.99
221,"Bush Furniture Somerset 60W Office Desk with Lateral File Cabinet and 5 Shelf Bookcase, Mocha Cherry (SET013MR)","$1,075.99"
222,"Regency Soho Computer Corner Desk, Smoked Glass (HCLG6060)",$241.99
223,Whalen Afton Desk,$182.99
224,Whalen Renai Desk,$192.99
225,"Bush Business Furniture Studio C 71"" Computer Desk, Platinum Gray (SCD272PG)",$507.99
226,"Bush Furniture Broadview 60W Desk with Storage Shelves and Small Hutch Organizer, Pure White (BD009WH)",$709.99
227,Whalen Zara Collection Desk in White,$199.99
228,"Bush Furniture Studio C 71"" U-Shaped Desk with Mobile File Cabinet, Hansen Cherry (STC004HCSU)","$1,149.99"
229,"Linea Italia 24"" X 36"" Rectangular Office Desk, Ash/Gray (ZUD139)",$178.99
230,SEI Canton Adjustable Height Desk (HO9521),$484.99
231,"Flash Furniture HERCULES Series 28"" Laminate Sit & Stand Desks White (JEJNLD02SW)",$206.99
232,"Bush Furniture Mayfield 54"" Computer Desk with Shelves, Desktop Organizer, Lateral File, Hutch, Pure White/Gray (MAY007GW2)","$1,349.99"
233,"Bush Furniture Stanford Computer Desk with Hutch, Bookcase and Lateral File Cabinet, 48""W Antique White/Tea Maple (STF008AW)","$1,195.99"
234,"Office by kathy ireland® Echo Bow Front Desk with Mobile File Cabinet, Gray Sand (ECH001GSSU)",$561.99
235,"Bush Business Furniture Studio C 71"" Computer Desk, Harvest Cherry (SCD272CS)",$499.99
236,"Office by kathy ireland® Echo Bow Front Desk, Credenza with Hutch, Bookcase and File Cabinets, Pure White/Pure White (ECH029PW)","$1,425.99"
237,"Bush Furniture Mayfield 54"" Computer Desk Bundle, Pure White/Shiplap Gray (MAY010GW2)","$1,429.99"
238,"Ameriwood Parkside 71"" Computer Desk, Black Oak (9858802COM)",$609.99
239,"Bush Furniture Mayfield 54"" Computer Desk with Drawers, Desktop Organizer and 6-Cube Bookcase, Pure White/Gray (MAY004GW2)","$1,159.99"
240,"Office by kathy ireland® Method 71"" Computer Desk with 3-Drawer Mobile File Cabinet, Natural Maple (MTH014ACSU)","$1,079.99"
241,"Office by kathy ireland® Echo Bookcase Desk with Storage, Pure White/Pure White (ECH020PW)",$540.99
242,"Office by kathy ireland® Method 71"" Computer Desk with File Cabinets and Bookcase, Century Walnut (MTH028CWSU)","$2,489.99"
243,Flash Furniture Contemporary Desk with Clear Tempered Glass (NANYLCD1235),$143.99
244,SEI Langston MDF Desk; White,$157.29
245,"Flash Furniture Cassini Glass Computer Desk With Silver Frame, Black",$150.99
246,"Bush Furniture Studio C 59"" Computer Desk with Mobile File Cabinet, Hansen Cherry (STC014HCSU)",$829.99
247,"SEI Langston MDF Desk, Black",$173.39
248,"South Shore™ Work ID Laptop Computer Desk, White",$133.99
249,"Bush Furniture Somerset 60W Office Desk with Lateral File Cabinet and 5 Shelf Bookcase, Ash Gray (SET013AG)","$1,199.99"
250,"Bush Furniture Broadview 54"" Computer Desk with Drawers, Desktop Organizer and Lateral File Cabinet, Pure White (BD025WH)","$1,179.99"
251,"Ameriwood Home Ashlar 54""W Desk, Light Concrete (9895096COM)",$301.99
252,"Linea Italia Quattra Office Desk, Ash/Gray (ZUD776)",$141.99
253,"Ameriwood Home Paxton 39""W Campaign Desk, Black (9258396COM)",$240.99
254,"Bush Furniture Studio C 71"" Workstation Desk with Hutch and Mobile File Cabinet, Hansen Cherry (STC011HCSU)","$1,049.99"
255,"Bush Business Furniture Studio C 59"" Computer Desk and Credenza Desk with Mobile File Cabinets, Sand Oak (STC010SOSU)","$1,199.99"
256,"Monarch Specialties Computer Desk - 48""L / Cappuccino / Silver Metal ( I 7148 )",$288.29
257,"Office by kathy ireland® Atria 60W Writing Desk with Hutch and 3 Drawer File Cabinet, Charcoal Gray (ATR001CRSU)","$1,475.99"
258,"Bush Business Furniture Studio C 59"" Bow Desk with Credenza Set, Natural Maple (STC010ACSU)","$1,928.99"
259,"Bush Furniture Somerset 72W Office Desk with Hutch and 5 Shelf Bookcase, Ash Gray (SET020AG)",$949.99
260,"Bush Furniture Broadview 60"" Computer Desk Bundle, Pure White (BD034WH)","$2,349.99"
261,"Bush Furniture Broadview Computer Desk with Drawers, Console Table, Bar Cabinet and Storage, Pure White (BD017WH)","$1,713.99"
262,"Bush Business Furniture Studio C 71"" Computer Desk Bundle, Platinum Gray (STC012PGSU)","$1,519.99"
263,"Bush Furniture Somerset 72W Office Desk with Hutch and Lateral File Cabinet, Ash Gray (SET019AG)","$1,049.99"
264,"Ameriwood Home Paxton 39""W Campaign Desk, Red (9258196COM)",$189.99
265,"Flash Furniture 39"" Glass Glass Computer Desks Black Top/Silver Frame (NANYLCD1215)",$102.99
266,"Ameriwood Home Pursuit Credenza, Gray (9800296)",$357.99
267,"Ameriwood Home Sienna Park 59""W Double Pedestal Desk, Weathered Oak (9894096COM)",$702.99
268,44.25''W x 21.625''D White Computer Desk with Keyboard Tray and Drawers [NAN-JN-2960-GG],$220.99
269,"Bush Furniture Key West 54""W Single Pedestal Desk with Lateral File and 5 Shelf Bookcase, Washed Gray (KWS009WG)",$853.99
270,"Office by kathy ireland® Method 60"" Computer Desk with File Cabinets, Storm Gray (MTH025SGSU)","$1,886.99"
271,"Bush Business Furniture Studio C 71"" Height Adjustable Desk, Credenza, Hutch and File Cabinets, Platinum Gray (STC016PGSU)","$3,399.99"
272,"Bush Business Furniture Studio C 71"" Computer Desk, Credenza, and File Storage, Platinum Gray (STC009PGSU)","$1,979.99"
273,"Bush Business Furniture Studio C 71"" Bow Desk with Credenza Set, Harvest Cherry (STC009CSSU)","$1,979.99"
274,"Flash Furniture HERCULES Series 36"" Laminate Sit & Stand Desks Black (JEJNLD02A1B)",$227.99
275,"Bush Furniture Key West 54W Computer Desk with Storage, 2 Drawer Lateral File Cabinet, 5 Shelf Bookcase, Bing Cherry (KWS009BC)",$858.99
276,"Bush Furniture Key West 54""W Computer Desk with Storage and Mid-Back Tufted Office Chair, Linen White Oak (KWS020LW)",$869.99
277,"Bush Business Furniture Jamestown 60"" Computer Desk with Two Drawers and Hutch, Storm Gray (JTN014SGSU)","$1,079.99"
278,"Office by kathy ireland® Method 72W Table Desk with File Cabinets and Bookcase, Cocoa (MTH028COSU)","$1,355.99"
279,"Bush Business Furniture Jamestown 71"" Computer Desk with Two Drawers and Hutch, Storm Gray (JTN002SGSU)","$1,149.99"
280,"Bush Business Furniture Studio C 72""W x 36""D U Shaped Desk with Hutch, Bookcase and File Cabinets, Storm Gray (STC001SGSU)","$2,156.99"
281,"Bush Furniture Studio C 71"" Bow Front Desk with Mobile File Cabinets, Hansen Cherry (STC012HCSU)",$999.99
282,"Bush Business Furniture Studio C 71"" Computer Desk Bundle, Natural Maple (STC011ACSU)","$1,735.99"
283,"Bush Furniture Key West 54W Computer Desk with Storage and Desktop Organizers, Bing Cherry (KWS010BC)",$505.99
284,"Bush Furniture Broadview 60W Desk with Shelves, Console Table, Bar Cabinet and Storage, Pure White (BD015WH)","$1,775.99"
285,"Bush Furniture Stanford Computer Desk and 5 Shelf Bookcase, 48""W Antique White/Tea Maple (STF005AW)",$547.99
286,"Bush Business Furniture Studio C 72""W x 36""D Bow Front Desk and Credenza with Mobile File Cabinets, White (STC009WHSU)","$1,149.99"
287,Safco Luminary Collection in Cherry; Table Desk,"$1,001.99"
288,"Bush Furniture Somerset 71"" Computer Desk with Hutch and Lateral File Cabinet, White (SET019WH)",$849.99
289,"Bush Business Furniture Studio C 59"" Height Adjustable Desk, Computer Desk and File Cabinet, Platinum Gray (STC017PGSU)","$2,120.99"
290,"Bush Business Furniture Studio C 60""W x 36""D U Shaped Desk with Bookcase and File Cabinets, White (STC002WHSU)","$1,704.99"
291,"Safco Group Mira Veneer Series Nonhanded Return Shell, Medium Cherry, 29 1/2""H x 48""W x 24""D",$407.99
292,"Bush Business Furniture Studio C 71"" Office Desk with Mobile File Cabinet, Platinum Gray (STC013PGSU)","$1,004.99"
293,"Bush Business Furniture Studio C 71"" Computer Desk with Mobile File Cabinet, Sand Oak (STC013SOSU)",$629.99
294,"Office by kathy ireland® Method 71"" Computer Desk with File Cabinets and Bookcase, Natural Maple (MTH028ACSU)","$2,489.99"
295,"Bush Business Furniture Studio C 71"" Reception Desk with Shelf and Mobile File Cabinet, Platinum Gray (STC041PGSU)","$1,459.99"
296,"Bush Business Furniture Studio C 59"" Computer Desk Bundle, Harvest Cherry (STC010CSSU)","$1,899.99"
297,"Bush Furniture Key West 54""W Computer Desk with Lateral File Cabinet and Bookcase, Linen White Oak (KWS009LW)","$1,199.99"
298,"Bush Furniture Yorktown 50"" Computer Desk with File Cabinet and 5-Shelf Bookcase, Restored Gray (YRK011RTG)","$1,079.99"
299,"Bush Business Furniture Studio C 72W Height Adjustable Desk, Credenza with Hutch and File Cabinets, Natural Maple (STC016ACSU)","$3,399.99"
300,"Bush Business Furniture Studio C 59"" Computer Desk with File Cabinet, Harvest Cherry (STC014CSSU)",$954.99
301,"Bush Business Furniture Studio C 71"" Computer Desk, Harvest Cherry (STC013CSSU)","$1,004.99"
302,"Bush Furniture Broadview 54"" Computer Desk with Drawers, Desktop Organizer, Lateral File Cabinet, Hutch, Pure White (BD027WH)","$1,379.99"
303,"Bush Business Furniture Studio C 71"" Computer Desk with Credenza and Mobile File Cabinets, Sand Oak (STC009SOSU)","$1,249.99"
304,"Bush Business Furniture Studio C 71"" Computer Bow Front Desk with Mobile File Cabinets, Natural Maple (STC012ACSU)","$1,519.99"
305,"Bush Furniture Somerset 72W Office Desk with Hutch and 5 Shelf Bookcase, Mocha Cherry (SET020MR)",$949.99
306,"Bush Furniture Broadview 54"" Computer Desk  Bundle, Pure White (BD023WH)","$1,179.99"
307,"Bush Business Furniture Studio C 72""W x 36""D U Shaped Desk with Hutch, Bookcase and File Cabinets, White (STC001WHSU)","$2,168.59"
308,"Bush Furniture Key West 54"" Computer Desk with Storage and Desktop Organizers, Linen White Oak (KWS010RCP)",$749.99
309,"Bush Furniture Yorktown 61"" Corner Desk with Hutch, Reclaimed Pine (YRK008RCP)",$829.99
310,"Bush Business Furniture Westfield Desk Credenza w/ 2 Drawer Mobile Pedestal, Mocha Cherry (SRC029MRSU)",$480.99
311,"Regency Kee 60"" Single Mobile Pedestal Desk- Maple/ Black (MTSPM6024PLBPBK)",$429.99
312,"Bush Furniture Cabot L Shaped Desk, Espresso Oak (WC31830-03K)",$443.99
313,"kathy ireland® Home by Bush Furniture Madison Avenue 60"" Writing Desk, Modern Gray (MDD160MG-03)",$409.99
314,Bush Vantage Corner Desk,$344.99
315,"HON® Arrive™ Wood Veneer Base Left Single Pedestal Credenza, 29 1/2""H x 72""W, Shaker Cherry","$1,738.25"
316,"Bush Furniture Yorktown 61"" Corner Desk with Hutch, Lateral File Cabinet, and 5-Shelf Bookcase, Linen White Oak (YRK003LW)","$1,599.99"
317,"Bush Business Furniture Studio C 60W Height Adjustable Desk, Credenza and File Cabinet, Harvest Cherry (STC017CSSU)","$2,089.99"
318,"Bush Business Furniture Westfield Bow Front Right Handed U Shaped Desk with Lateral File Cabinet, Mahogany (SRC019MARSU)","$1,023.99"
319,"Offices to go Superior 60"" Workstation Desk Bundle, American Mahogany (TDOTG19-AML)",$849.99
320,"Offices to go Superior 60"" Workstation Desk Bundle, American Dark Cherry (TDOTG19-ADC)",$849.99
321,"Office by kathy ireland® Method 60"" L-Shaped Desk with Return and File Cabinet, Natural Maple (MTH005ACSU)","$1,259.99"
322,"Bush Furniture Cabot L Shaped Desk, Espresso Oak (WC31830-03K)",$443.99
323,"kathy ireland® Home by Bush Furniture Madison Avenue 60"" Writing Desk with Hutch, Pure White (MDS002PW)",$699.99
324,"Bush Furniture Somerset 72W Office Desk with Hutch and 5 Shelf Bookcase, Maple Cross (SET020MC)",$839.99
325,"Bush Business Furniture Westfield 66W x 30D Office Desk with Mobile File Cabinet, Mocha Cherry (SRC015MRSU)",$501.99
326,"Offices to go Superior 60"" Credenza Shell, Artisan Gray (TDSL6024CSAGL)",$259.99
327,Bush Stanford Collection,$258.99
328,Bush Enterprise Collection,$714.99
329,HomeBelle Grey Finish Metal & Poplar Writing Desk (783228GA15C),$399.99
330,"kathy ireland® Home by Bush Furniture Madison Avenue 48"" Writing Desk, Modern Walnut (MDD148MW-03)",$329.99
331,"Ameriwood Serenity 42"" Computer Desk, Graphite Gray (9855408COM)",$307.99
332,"Bush Furniture Cabot L Shaped Desk, Espresso Oak (WC31830-03K)",$443.99
333,"Office by kathy ireland® Method 71"" Computer Desk with File Cabinets and Hutch, Natural Maple (MTH026ACSU)","$2,149.99"
334,"kathy ireland Home by Bush Furniture Madison Avenue 59"" Computer Desk with Hutch, File Cabinet and Bookcase, Modern Gray","$1,549.99"
335,"Bush Business Furniture Jamestown 60"" Computer Desk, Storm Gray/White (JTN019SGWHSU)","$1,381.99"
336,HON® Voi Collection,$150.09
337,"Offices to go Superior Laminate 60"" Desk, Artisan Gray (TDOTG19-AGL)",$899.99
338,"Bush Furniture Yorktown 61"" Corner Desk with Hutch, Restored Gray (YRK008RTG)",$829.99
339,"Office by kathy ireland® Method 72W Table Desk with File Cabinets and Hutch, White (MTH026WHSU)","$1,255.99"
340,"Bush Business Furniture Studio C 71"" U-Shaped Desk with Mobile File Cabinet, Sand Oak (STC004SOSU)","$1,129.99"
341,"Bush Business Furniture Jamestown 60"" Computer Desk with Two Drawers and Hutch, Fresh Walnut/White (JTN014FWWHSU)","$1,079.99"
342,"Bush Furniture Cabot L Shaped Desk, Espresso Oak (WC31830-03K)",$443.99
343,"kathy ireland Home by Bush Furniture Madison Avenue 59"" Computer Desk with Hutch, Pure White (MDS004PW)",$849.99
344,"Offices to go Superior 144"" Conference Table, American Espresso (TDSL14448RECSAEL)",$999.99
345,"Regency Fusion 48"" x 24"" Single Pedestal Desk, Maple (MSP4824PL)",$577.19
346,basyx by HON Manage Collection,$429.99
347,"Bush Business Furniture Westfield 72W X 36D Bow Front Desk with 3/4 Pedestal, Mahogany (SRC068MASU)",$521.99
348,"Regency Legacy 71"" Desk Shell- Cherry (LDS7135CH)",$363.99
349,HON® 38000 Series™ Double Pedestal Desk (HON38180B9Q),"$1,439.05"
350,"Bush Furniture Yorktown 50"" Computer Desk with File Cabinet and 5-Shelf Bookcase, Reclaimed Pine (YRK011RCP)","$1,079.99"
351,"kathy ireland® Home by Bush Furniture Madison Avenue 59"" Computer Desk with Lateral File Cabinet, Modern Gray (MDS006MG)",$879.99
352,"Bush Furniture Cabot L Shaped Desk, Espresso Oak (WC31830-03K)",$443.99
353,"Bush Business Furniture Jamestown 71"" Computer Desk with Four Drawers and Hutch, Fresh Walnut/White (JTN006FWWHSU)","$1,479.99"
354,"Bush Business Furniture 400 Series 71"" Table Desk with 3 Drawer Mobile File Cabinet, White (400S151WH)",$780.99
355,"kathy ireland Home by Bush Furniture Madison Avenue 59"" Computer Desk with Lateral File Cabinet and Bookcase, Pure White","$1,289.99"
356,"Bush Furniture Yorktown 50"" Computer Desk with 5-Shelf Bookcase, Linen White Oak (YRK010LW)",$699.99
357,"Office by kathy ireland® Echo L Shaped Desk with Mobile File Cabinet, Pure White/Pure White (ECH008PWSU)",$639.99
358,"Offices to go Superior Laminate 120"" Table, American Espresso (SL12048RECS-AEL)",$799.99
359,"Offices to go Superior 71"" Workstation Desk Bundle, American Espresso (TDOTG20-AEL)","$2,099.99"
360,"Office by kathy ireland® Method 60"" Computer Desk with File Cabinets, Century Walnut (MTH025CWSU)","$1,859.99"
361,"Bush Business Furniture Jamestown 71""W Computer Desk Bundle, Storm Gray/White (JTN008SGWHSU)","$1,549.99"
362,"Bush Furniture Cabot L Shaped Desk, Espresso Oak (WC31830-03K)",$443.99
363,"Bush Business Furniture Studio C 71"" Reception Desk with Shelf and Mobile File Cabinet, Natural Maple (STC041ACSU)","$1,481.99"
364,"Offices to go Superior Laminate 71"" L-Shaped Desk, American Mahogany (TDOTG21-AML)","$1,399.99"
365,"Bush Business Furniture Studio C 72""W x 36""D Bow Front Desk and Credenza with Mobile File Cabinets, Storm Gray (STC009SGSU)","$1,178.99"
366,"Bush Furniture Refinery 62W Industrial Desk with A Frame Bookshelf and File Cabinets, Rustic Gray (RFY007RG)","$1,113.99"
367,"Office by kathy ireland® Method 60"" Computer Desk with 3-Drawer File Cabinet, Century Walnut (MTH001CWSU)","$1,064.99"
368,Regency Knee space Credenza Brown,$990.59
369,"kathy ireland® Home by Bush Furniture Volcano Dusk 51W Desk with 2 Drawer Pedestal, Driftwood Dreams (ALA004DD)",$411.99
370,"Ameriwood AX1 39"" MDF Meeting Table, Medium Brown (9810196COM)",$399.99
371,"Bush Business Furniture Westfield Desk Credenza w/ 2 Drawer Mobile Pedestal, Mocha Cherry (SRC030MRSU)",$511.99
372,"Bush Furniture Cabot L Shaped Desk, Espresso Oak (WC31830-03K)",$443.99
373,"Regency Legacy 60"" Desk Shell- Mahogany (LDS6030MH)",$221.99
374,"Offices to go Superior 48"" Return Shell, American Espresso (TDSL4820RAML)",$199.99
375,"Offices to go Superior 42"" Return Shell, Autumn Walnut (TDSL4220RAWL)",$199.99
376,"Offices to go Superior 66"" Hutch Door, Artisan Gray (TDSL66LDRAGL)",$69.99
377,"Global Genoa 72"" Pedestal Desk with Credenza, Absolute Acajou (TDG2SL-ACJ)","$1,299.99"
378,Bestar Connexion L-Desk with Hutch including Electric Height Adjustable Table,"$1,179.99"
379,"Bush Business Furniture Jamestown 71"" Computer Desk Bundle, Fresh Walnut/White (JTN001FWWHSU)",$759.99
380,Leelin Collection,$143.99
381,"Offices to go Superior 66"" Hutch Door, Autumn Walnut (TDSL66LDRAWL)",$69.99
382,"Bush Furniture Cabot L Shaped Desk, Espresso Oak (WC31830-03K)",$443.99
383,"Offices to go Superior 71"" Workstation Desk Bundle, Autumn Walnut (TDOTG20-AWL)","$2,099.99"
384,"Offices to go Superior 144"" Conference Table, Artisan Gray (TDSL14448RECSAGL)",$999.99
385,"Office by kathy ireland® Method 71"" Computer Desk with File Cabinets and Bookcase, Storm Gray (MTH028SGSU)","$2,489.99"
386,"kathy ireland® Home by Bush Furniture Madison Avenue 59"" Computer Desk with Lateral File Cabinet, Pure White (MDS006PW)",$879.99
387,"Bush Furniture Yorktown 61"" Corner Desk with Hutch, Linen White Oak (YRK008LW)",$829.99
388,"Bush Furniture Somerset 71"" L-Shaped Desk with Storage, Sand Oak (WC81110K)",$759.99
389,"Bush Business Furniture Westfield 72W x 24D Desk Credenza with 2 Pedestals, Natural Cherry (SRC065NCSU)",$619.99
390,"Ameriwood AX1 39"" MDF Meeting Table, Walnut (9810096COM)",$494.99
391,"Bush Furniture Studio C 71"" Computer Desk, Hansen Cherry (SCD272HC)",$409.99
392,"Bush Furniture Cabot L Shaped Desk, Espresso Oak (WC31830-03K)",$443.99
393,"Offices to go Superior 71"" Overhead Hutch, American Mahogany (TDSL71HOAML)",$329.99
394,"Offices to go Superior 42"" Return Shell, American Espresso (TDSL4220RAEL)",$199.99
395,"Offices to go Superior 48"" Glass Hutch Door, Silver (TDSL48SIDR)",$179.99
396,"Offices to go Superior 60"" Hutch Door, Autumn Walnut (TDSL60LDRAWL)",$78.99
397,"Bush Business Furniture Jamestown 60"" Computer Desk w Storage, File Cabinet & 5-Shelf Bookcase, Fresh Walnut/White(JTN019FWWHSU)","$2,119.99"
398,"Bush Furniture Broadview 60""W L-Shaped Computer Desk with Chair, Modern Gray (BD033MG)",$799.99
399,"Bush Furniture Key West 48"" Writing Desk with File Cabinet and 5-Shelf Bookcase, Cape Cod Gray (KWS004CG)",$999.99
400,"Bush Business Furniture Westfield Bow Front Left Handed U Shaped Desk with 2 Drawer Lateral File Cabinet, Mahogany (SRC019MALSU)","$1,023.99"
401,"Bush Furniture Key West 48"" 2-Person Writing Desk Set with Lateral File Cabinet, Cape Cod Gray (KWS047CG)",$999.99
402,"Bush Furniture Cabot L Shaped Desk, Espresso Oak (WC31830-03K)",$443.99
403,"Bush Business Furniture Jamestown 71""W Computer Desk, Storm Gray/White (JTN006SGWHSU)",$929.99
404,"Bush Business Furniture Studio C 72""W x 36""D Bow Front Desk with Mobile File Cabinets, Storm Gray (STC012SGSU)",$892.99
405,"Bush Business Furniture Jamestown 71""W Computer Desk Bundle, Storm Gray/White (JTN002SGWHSU)",$729.99
406,"Bush Business Furniture Jamestown 60"" Computer Desk Bundle, Fresh Walnut/White (JTN013FWWHSU)",$729.99
407,"kathy ireland® Home by Bush Furniture Madison Avenue 60"" Writing Desk, Modern Gray (MDS002MG)",$699.99
408,"Bush Business Furniture Westfield 72W x 24D Office Desk with Mobile File Cabinet, Mocha Cherry (SRC026MRSU)",$521.99
409,"Bush Business Furniture Office in an Hour Reception Gallery Shelf, Mocha Cherry (WC36891-03)",$152.99
410,"Offices to go Superior 48"" Hutch Door, American Dark Cherry (TDSL48LDRADC)",$74.99
411,"kathy ireland® Home by Bush Furniture Madison Avenue 60"" L-Shaped Desk with Lateral File Cabinet and Bookcase, Pure White","$1,429.99"
412,"Bush Furniture Cabot L Shaped Desk, Espresso Oak (WC31830-03K)",$443.99
413,"Bush Furniture Key West 54"" Computer Desk with 2-Drawer Mobile File Cabinet and 5-Shelf Bookcase, Pure White Oak (KWS007WT)","$1,249.99"
414,"Bush Business Furniture Westfield 72W x 36D Bow Front U Shaped Desk w/ Mobile File Cabinets, Mocha Cherry (SRC043MRSU)","$1,227.99"
415,"Bush Business Furniture Studio C 59""W U-Shaped Desk with Mobile File Cabinet, Sand Oak (STC005SOSU)","$1,089.99"
416,"Bush Furniture Yorktown 50"" Computer Desk with File Cabinet and 5-Shelf Bookcase, Linen White Oak (YRK011LW)","$1,079.99"
417,"Bush Business Furniture Jamestown 60"" Computer Desk with Drawers and Storage Cabinet, Fresh Walnut/White (JTN015FWWHSU)",$969.99
418,"Bush Business Furniture Jamestown 71"" Computer Desk Bundle, Storm Gray/White (JTN004SGWHSU)",$900.99
419,"Bush Furniture Key West Laptop Storage Desk Credenza with 5 Shelf Bookcase, Washed Gray (KWS012WG)",$506.99
420,"Offices to go Superior 71 Overhead Hutch, Autumn Walnut (TDSL71HOAWL)",$329.99
421,"Valencia Series Corner Credenza Shell, Right, Mahogany, 72w x 36d x 29-1/2h",$306.69
422,"Bush Furniture Cabot L Shaped Desk, Espresso Oak (WC31830-03K)",$443.99
423,"Offices to go Superior 48"" Return Shell, American Dark Cherry (TDSL4820RAML)",$199.99
424,"Offices to go Superior 42"" Return Shell, Artisan Gray (TDSL4220RAGL)",$199.99
425,Prepac Wall Mounted Floating Desk with Storage,$166.99
426,Whalen Leadenhall Collection,$209.99
427,"Offices to go Superior 48"" Hutch Door, Autumn Walnut (TDSL48LDRAWL)",$74.99
428,"Offices to go Superior 48"" Hutch Door, Autumn Walnut (TDSL48LDRAML)",$74.99
429,"Office by kathy ireland® Echo Desk with Hutch, Bookcase and File Cabinets, Pure White/Pure White (ECH027PWSU)","$1,610.99"
430,"Global Genoa 72"" Pedestal Desk with 2 File Cabinets, Absolute Acajou (TDG3SL-ACJ)","$1,599.99"
431,"kathy ireland Home by Bush Furniture Madison Avenue 59"" Computer Desk with Lateral File Cabinet and Bookcase, Modern Gray","$1,289.99"
432,"Bush Furniture Cabot L Shaped Desk, Espresso Oak (WC31830-03K)",$443.99
433,"Offices to go Superior 96"" High-Top Collaboration Table, Autumn Walnut (SL9644HT-AWL)",$949.99
434,"Office by kathy ireland® Echo L Shaped Desk with Hutch and Mobile File Cabinet, Pure White/Pure White (ECH009PWSU)",$832.99
435,"kathy ireland® Home by Bush Furniture Madison Avenue 48"" Writing Desk with Lateral File Cabinet, Modern Gray (MDS007MG)",$699.99
436,"Bush Business Furniture Studio C 71"" U-Shaped Desk with Mobile File Cabinet, Sand Oak, Installed (STC004SOSUFA)","$1,439.99"
437,"Bush Furniture Studio C 71"" Computer Desk with Mobile File Cabinet, Hansen Cherry, Installed (STC004HCSUFA)","$1,459.99"
438,"Bush Business Furniture Studio C 59"" U-Shaped Desk with Mobile File Cabinet, Sand Oak, Installed (STC005SOSUFA)","$1,379.99"
439,"Bush Business Furniture Cubix 60W Desk with Mobile File Cabinet, Pewter (SRA003PESU)",$532.99
440,"Offices to go Superior 60"" Glass Hutch Door, Silver (TDSL60SIDR)",$199.99
441,"South Shore™ Interface 29"" x 47"" x 19"" Laminate Particleboard Desks",$182.99
442,"Bush Furniture Cabot L Shaped Desk, Espresso Oak (WC31830-03K)",$443.99
443,Altra® Parsons Desk with Drawer,$137.99
444,"Adesso® Lawrence 11.15""W Tall Pedestal, Black (AR3510-01)",$93.48
445,"Offices to go Superior 60"" Hutch Door, American Mahogany (TDSL60LDRAML)",$78.99
446,Staples Cameron Computer Cart,$56.79
447,"Bush Business Furniture Westfield Bow Front Left Handed U Shaped Desk with Lateral File Cabinet, Hansen Cherry (SRC019HCLSU)","$1,573.99"
448,"Bush Furniture Yorktown 61"" Corner Desk with Hutch, Lateral File Cabinet and 5-Shelf Bookcase, Linen White Oak (YRK002LW)","$1,499.99"
449,"Bush Business Furniture Jamestown 71"" Computer Desk with Two Drawers and Hutch, Fresh Walnut/White (JTN002FWWHSU)","$1,149.99"
450,"Bush Furniture Broadview 54"" Desk Set with Lateral File Cabinet, Modern Gray (BD037MG)","$1,099.99"
451,"Bush Business Furniture Jamestown 71"" Computer Desk Bundle, Fresh Walnut/White (JTN005FWWHSU)","$1,079.99"
452,"Bush Furniture Cabot L Shaped Desk, Espresso Oak (WC31830-03K)",$443.99
453,"Bush Furniture Somerset 72W Office Desk with Hutch and Lateral File Cabinet, Maple Cross (SET019MC)","$1,049.99"
454,"Bush Furniture Refinery 50W Industrial Desk with A Frame Bookshelf and File Cabinets, Rustic Gray (RFY002RG)","$1,043.99"
455,"Bush Furniture Key West 48"" Writing Desk with File Cabinet and 5-Shelf Bookcase, Linen White Oak (KWS004LW)",$999.99
456,"Offices to go Superior Laminate 144"" Table, Autumn Walnut (TDSL14448RECSAWL)",$999.99
457,"kathy ireland® Home by Bush Furniture Madison Avenue 60"" L-Shaped Desk with Lateral File Cabinet, Modern Gray (MDS005MG)",$949.99
458,"Offices to go Superior 120"" Table, American Dark Cherry (TDSL12048RECSADC)",$799.99
459,"Bush Business Furniture Westfield Desk Credenza w/ 2 Drawer Mobile Pedestal, Mahogany (SRC030MASU)",$499.99
460,"Offices to go Superior Laminate 71"" Conference Table Desk, American Dark Cherry (SL7142RECS-ADC)",$479.99
461,"Regency Legacy 71"" Bowfront Desk Shell- Cherry",$379.99
462,"Bush Furniture Cabot L Shaped Desk, Espresso Oak (WC31830-03K)",$443.99
463,"Balt® Brawny Computer Desks, Gray",$343.99
464,"Alera® Industrial Series Table Desk, 47.25w x 23.63d x 29.5h, Modern Walnut",$276.25
465,"Essentials 48"" Powered Desk",$199.99
466,"Offices to go Superior 71"" Hutch Door, Artisan Gray (TDSL71LDRAGL)",$72.99
467,"Offices to go Superior 71"" Hutch Door, American Espresso (TDSL71LDRAEL)",$72.99
468,"Offices to go Superior 66"" Hutch Door, American Espresso (TDSL66LDRAEL)",$69.99
469,Bush® Office-in-an-Hour Collection,$922.99
470,"Bush Business Furniture Westfield Bow Front Right Handed U Shaped Desk with Lateral File Cabinet, Natural Cherry (SRC019NCRSU)","$1,549.99"
471,"Bush Business Furniture Jamestown 71"" Computer Desk with Drawers, Storage Cabinet and Hutch, Fresh Walnut/White (JTN004FWWHSU)","$1,399.99"
472,"Bush Furniture Cabot L Shaped Desk, Espresso Oak (WC31830-03K)",$443.99
473,HON® 38000 Series™ Single Pedestal Desk (HON38291RB9Q),"$1,181.50"
474,"Bush Business Furniture Jamestown 71"" Computer Desk with Drawers and Storage Cabinet, Fresh Walnut/White (JTN003FWWHSU)","$1,009.99"
475,"Bush Furniture Broadview 54"" Computer Desk with Shelves, Desktop Organizer and Lateral File Cabinet, Modern Gray (BD022MG)",$949.99
476,"Offices to go Superior 96"" High-Top Collaboration Table, American Dark Cherry (SL9644HT-ADC)",$949.99
477,Bestar Connexion L-Desk including Electric Height Adjustable Table,$965.99
478,"kathy ireland Home by Bush Furniture Madison Avenue 48"" Writing Desk with Bookcase, Pure White (MDS009PW)",$899.99
479,"Bush Furniture Key West 48""W Writing Desk with 2 Drawer Mobile Pedestal and 5 Shelf Bookcase, Washed Gray (KWS002WG)",$663.99
480,"kathy ireland® Home by Bush Furniture Madison Avenue 48"" Writing Desk, Pure White (MDS014PW)",$669.99
481,"Offices to go Superior Laminate 96"" Conference Table Desk, Autumn Walnut (SL9644RECS-AWL)",$629.99
482,"Bush Furniture Cabot L Shaped Desk, Espresso Oak (WC31830-03K)",$443.99
483,HON® 38000 Series™ Return Shell (HON38943RB9Q),$606.90
484,"Bush Westfield Elite, Hansen Cherry, Assembly Required",$424.99
485,"Offices to go Superior Laminate 71"" Conference Table Desk, Autumn Walnut (SL7142RECS-AWL)",$479.99
486,"Lewis™ 54""W Laminate Work Table",$425.00
487,"Alera® Valencia Mobile Workstation Desk , Medium Cherry",$329.99
488,"Arozzi Arena Leggero 45 MDF Table Desk, Black/Red (ARENA-LEGGERO-RED)",$329.99
